release_group,release_path,role,artifact_use,paper_mapping,row_count_excluding_header,sha256
main,main/stage2_t2_t3_primary_full.csv,primary_contrast,"Main T2 vs T3 diversity, belief, and rationale contrast.",Main results: receiver bottleneck / T2-T3 contrast.,5,55cfc31df224872bfbf277ca6281422b602c24b9c45cd6d8c57dd91a66301056
main,main/stage2_quality_by_treatment_full.csv,quality_guardrail,"Treatment-level directional accuracy, strict action accuracy, and return-error guardrail.",Main results: quality guardrail.,3,9c98b5ea06a2f3e52f1db72118adbef6dd19ca87d30787c8a4fece625fe13286
main,main/stage1_summary_full.csv,upstream_summary,Stage 1 source/evidence compression summary.,Main results: upstream representation compression.,5,2f03d238fcfdd1b69cfaa5b42aa490f7789f9a0333da3dd29f8e2522e528d59f
main,main/stage2_by_model_cell_full.csv,model_breakdown,Model-cell breakdown for Stage 2 metrics.,Main results: model-level heterogeneity.,8,496d05d8d1cb791c4502a39869009fbe3b18fc1d41675a4abebab2d7962a4922
b0_followup,b0_followup/b0_treatment_contrasts_20260510.csv,main_text_followup,B0 canonical-evidence baseline treatment contrasts.,Main-text B0 follow-up.,6,1143369e3c813a0cd5e98742a09231c22c6a63933bf3a6077663d24369ad8697
b0_followup,b0_followup/b0_downstream_treatment_means_20260510.csv,main_text_followup,B0 downstream treatment means.,Main-text B0 follow-up.,5,26e5db174da0d901080fb0798cb2528fa9771ae8b91031cb333ffd10657b3b1e
b0_followup,b0_followup/b0_by_receiver_model_20260510.csv,main_text_followup,B0 receiver-model breakdown.,Main-text B0 follow-up.,20,93a10606e66cd7ab358452a0a92940af4c9aab3abaf84f0394580e3db983d698
t4_followup,t4_followup/t4_full_treatment_means.csv,main_mechanism_condition,T4 treatment means across diversity and quality metrics.,Main mechanism condition: full structured evidence ledger.,4,a84fa83a951d845e79b3af9eea8efeaa04fc21a8ed58ee9ea07082ea16a8d2d7
t4_followup,t4_followup/t4_full_event_bootstrap_contrasts.csv,main_mechanism_condition,T4 event-bootstrap contrasts.,Main mechanism condition: T4 contrast uncertainty.,12,c8336e37505b9323f9eee693a2db469e361dfdb8450d598c21c18daa02a3b4d6
t4_followup,t4_followup/quality_by_treatment_with_t4.csv,main_mechanism_condition,Quality guardrails with T4 included.,Main mechanism condition: quality guardrail.,4,e99517bd8637884de7ce784eb3869d31fc41d6923f6de01185b3a299fa33a677
prompt_sensitivity,prompt_sensitivity/treatment_means_t2star_t3star.csv,robustness,T2*/T3* treatment means after removing neutral-analyst framing from upstream summaries.,Prompt sensitivity robustness: no neutral-analyst upstream T2/T3 summary variant.,4,aa88c6344becd1678da224b8271b9ad3133bab539f3fb909190168a2c6776bb4
prompt_sensitivity,prompt_sensitivity/t2_t3_prompt_style_side_by_side.csv,robustness,"Neutral-analyst upstream summaries vs no-neutral-analyst upstream summaries, side-by-side T2/T3 metrics.",Prompt sensitivity robustness: neutral-analyst framing vs no neutral-analyst framing.,8,2e31c5b46e87207edd5f02af738510d6393f76f2fd23577e4138fec1a85a226b
prompt_sensitivity,prompt_sensitivity/action_distribution_no_style_minus_neutral_deltas.csv,robustness,Action-distribution deltas for no-neutral-analyst framing minus neutral-analyst framing.,Prompt sensitivity robustness: neutral-analyst framing ablation action distribution.,6,f0bf609ec455bcc4ebd814c335fbc1bf9f02d33d33a7b61a5137a1c267be5ecc
appendix_diagnostics,appendix_diagnostics/belief_mad_contrasts_event_bootstrap.csv,appendix_diagnostic,Event-bootstrap belief MAD contrasts.,Appendix diagnostics: formal missing metrics.,6,464f2a018b881c9ad1da9e1515e1b6e187196a521c5df611b00ca40b599599ef
appendix_diagnostics,appendix_diagnostics/category_diversity_contrasts_event_bootstrap.csv,appendix_diagnostic,Event-bootstrap category diversity contrasts.,Appendix diagnostics: formal missing metrics.,6,5ec1e86a232e9df0a7b7ed9ddb7ff8728f39cfca568e01507b24525efed38271
appendix_diagnostics,appendix_diagnostics/profile_separability_formal_event_bootstrap.csv,appendix_diagnostic,Formal event-bootstrap profile separability.,Appendix diagnostics: profile separability.,30,4e8070a50c1c4ba5f21d0018489b8d687e809509d98e089f973536d859975bef
appendix_diagnostics,appendix_diagnostics/reasoning_contrasts.csv,appendix_diagnostic,Semantic rationale diversity contrasts.,Appendix diagnostics: reasoning semantic diversity.,13536,9a54e5e65eb0147810a4c5726af791a423ac7e1c7f98f2d24b1dcd2b249f0ef5
calibration,calibration/pilot_hypothesis_summary.csv,pilot_metric_readout,Pilot rerun hypothesis-level metric summary used as a pre-main-run diagnostic.,Calibration/preflight: pilot metric sanity check.,7,197d74664617e4a9eb25cd008d3e213043a33cde7e3bbdc2a07ff2c8710c1b97
calibration,calibration/pilot_primary_metric_detail.csv,pilot_metric_readout,Pilot rerun primary metric detail used to inspect metric behavior before main execution.,Calibration/preflight: pilot metric sanity check.,43,d005dc3876e3eaf12edd63134981e5320c417cf3bcf803a7c0c60513ecfe52f2
calibration,calibration/pilot_t4_serialization_stats.csv,preflight_gate,Pilot T4 serialization size and compression diagnostics.,Calibration/preflight: T4 structured-ledger readiness.,12,079bdfb72e4bea935b1fd4c3a32f204f289c31d2892e191aaadbf7cde081e11a
calibration,calibration/pilot_selection_summary.csv,design_calibration_summary,"Summary of the 12-event 2026 pilot slice, excluding evaluation-only outcome joins.",Calibration/preflight: pilot slice construction before main execution.,1,8cc3bc89b8d2f4c29c7c19f1173ea290d27e1916be9ea48eaebfc336b8aeb805
calibration,calibration/pilot_eval_summary.csv,pilot_metric_summary,CSV summary of the pilot full-metric rerun.,Calibration/preflight: pilot metric validation.,1,a8503a64282226ef28da51315161f18fc7808ec61bcd95aa62b97548ca13d1d2
human_audit,human_audit/audit_protocol.csv,human_audit_protocol,Compact protocol and caveat table for released row-level human-audit sheets.,Construct validity / audit protocol.,3,7ce8cd348885b56a5f1a011ffad92b86452f9e50eb6a742789dff72a1ebc3a92
human_audit,human_audit/canonical_evidence_audit_sheet.csv,row_level_human_audit,Row-level canonical-evidence validity audit with public source excerpts and audit judgments.,Construct validity / canonical evidence audit.,62,88061e38c3c1525fe778c7342f0fc40316dd9f58cb058a40c62a8a295a1f34e7
human_audit,human_audit/cross_treatment_representation_audit_sheet.csv,row_level_human_audit,"Row-level cross-treatment representation audit with rendered text, source-ID checks, and audit judgments.",Construct validity / treatment representation audit.,4,35d43391cd64ebd36293506b12a218a6aa1dc964b22f385dcdfeead95f526623
