event_id,company_name,ticker,event_date,audit_sample_type,selected_by_t4,evidence_id,category,support_label,source_ids,canonical_claim,canonical_value,canonical_source_quote,source_packet_excerpt,source_alignment,numeric_fidelity,claim_fidelity,quote_fidelity,category_fit,support_label_fit,no_post_event_leakage,overall,notes
evt_0001,DARDEN RESTAURANTS INC,DRI,2026/3/19,canonical_balanced,TRUE,E_SRC_002,revenue,supported,S002," Total sales increased 5.9% to $3.3 billion, driven by a blended same-restaurant sales 1 increase of 4.2% and sales from 31 net new restaurants",," Total sales increased 5.9% to $3.3 billion, driven by a blended same-restaurant sales 1 increase of 4.2% and sales from 31 net new restaurants","S002:  Total sales increased 5.9% to $3.3 billion, driven by a blended same-restaurant sales 1 increase of 4.2% and sales from 31 net new restaurants",PASS,PASS,PASS,PASS,PASS,PASS,PASS,PASS,
evt_0001,DARDEN RESTAURANTS INC,DRI,2026/3/19,canonical_balanced,TRUE,E_SRC_023,earnings_or_eps,supported,S023, Approximately $0.25 related to the addition of the 53rd week,, Approximately $0.25 related to the addition of the 53rd week,S023:  Approximately $0.25 related to the addition of the 53rd week,PASS,PASS,PASS,PASS,PASS,PASS,PASS,PASS,
evt_0001,DARDEN RESTAURANTS INC,DRI,2026/3/19,canonical_balanced,TRUE,E_SRC_001,guidance,supported,S001,"ORLANDO, Fla., 2026-03-19T07:06:37-04:00 /PRNewswire/ -- DARDEN RESTAURANTS INC.",,"ORLANDO, Fla., 2026-03-19T07:06:37-04:00 /PRNewswire/ -- DARDEN RESTAURANTS INC. (NYSE:DRI) today reported its financial results for the third quarter ended February 22, 2026.","S001: ORLANDO, Fla., 2026-03-19T07:06:37-04:00 /PRNewswire/ -- DARDEN RESTAURANTS INC. (NYSE:DRI) today reported its financial results for the third quarter ended February 22, 2026.",PASS,PASS,PASS,PASS,PASS_WITH_NOTES,PASS,PASS,PASS_WITH_NOTES,"The claim and quote are supported by the source excerpt, but the category ""guidance"" appears imprecise because the text is a press-release header/reporting statement rather than guidance."
evt_0001,DARDEN RESTAURANTS INC,DRI,2026/3/19,canonical_balanced,TRUE,E_SRC_034,costs_or_expenses,supported,S034,"(Unaudited) Nine Months Ended 2/22/2026 2/23/2025 Cash flowsoperating activities Net earnings $ 801.8 $ 745.8 Losses from discontinued operations, net of tax 4.1 1.2 Adjustments to reconcile net earnings from continuing operations to cash flows: Depreciation and amortization 414.8 381.1 Impairments and (gain) loss on disposal of assets, net (19.8) 1.1 Stock-based compensation expense 66.5 64.5 Change in current assets and liabilities and other, net 13.6 56.3 Net cash provided by operating activities of continuing operations $ 1,281.0 $ 1,250.0 Cash flowsinvesting activities Purchases of land, buildings and equipment (540.9) (472.6) Proceeds from disposal of land, buildings and equipment 33.0  Cash used in business acquisitions, net of cash acquired  (613.7) Purchases of capitalized software and changes in other assets, net (15.2) (13.3) Net cash used in investing activities of continuing operations $ (523.1) $ (1,099.6) Cash flowsfinancing activities Net proceeds from issuance of common stock 18.2 38.9 Dividends paid (521.5) (494.6) Repurchases of common stock, inclusive of excise tax (534.4) (367.2) Proceeds from short-term debt, net 290.0 (28.6) Proceeds from issuance of long-term debt, net  750.0 Principal payments on finance leases, net (13.8) (15.5) Payments of debt issuance costs  (6.9) Net cash used in financing activities of continuing operations $ (761.5) $ (123.9) Cash flowsdiscontinued operations Net cash used in operating activities of discontinued operations (2.4) (7.9) Net cash used in discontinued operations $ (2.4) $ (7.9) Increase (decrease) in cash, cash equivalents, and restricted cash (6.0) 18.6 Cash, cash equivalents, and restricted cash - beginning of period 254.5 220.1 Cash, cash equivalents, and restricted cash - end of period $ 248.5 $ 238.7",,"(Unaudited) Nine Months Ended 2/22/2026 2/23/2025 Cash flowsoperating activities Net earnings $ 801.8 $ 745.8 Losses from discontinued operations, net of tax 4.1 1.2 Adjustments to reconcile net earnings from continuing operations to cash flows: Depreciation and amortization...","S034: (Unaudited) Nine Months Ended 2/22/2026 2/23/2025 Cash flowsoperating activities Net earnings $ 801.8 $ 745.8 Losses from discontinued operations, net of tax 4.1 1.2 Adjustments to reconcile net earnings from continuing operations to cash flows: Depreciation and amortization 414.8 381.1 Impairments and (gain) loss on disposal of assets, net (19.8) 1.1 Stock-based compensation expense 66.5 64.5 Change in current assets and liabilities and other, net 13.6 56.3 Net cash provided by operating activities of continuing operations $ 1,281.0 $ 1,250.0 Cash flowsinvesting activities Purchases of land, buildings and equipment (540.9) (472.6) Proceeds from disposal of land, buildings and equipment 33.0  Cash used in business acquisitions, net of cash acquired  (613.7) Purchases of capitalized software and changes in other assets, net (15.2) (13.3) Net cash used in investing activities of continuing operations $ (523.1) $ (1,099.6) Cash flowsfinancing activities Net proceeds from issuance of common stock 18.2 38.9 Dividends paid (521.5) (494.6) Repurchases of common stock, inclusive of excise tax (534.4) (367.2) Proceeds from short-term debt, net 290.0 (28.6) Proceeds from issuance of long-term debt, net  750.0 Principal payments on finance leases, net (13.8) (15.5) Payments of debt issuance costs  (6.9) Net cash used in financing activities of continuing operations $ (761.5) $ (123.9) Cash flowsdiscontinued operations Net cash used in operating activities of discontinued operations (2.4) (7.9) Net cash used in discontinued operations $ (2.4) $ (7.9) Increase (decrease) in cash, cash equivalents, and restricted cash (6.0) 18.6 Cash, cash equivalents, and restricted cash - beginning of period 254.5 220.1 Cash, cash equivalents, and restricted cash - end of period $ 248.5 $ 238.7",PASS,PASS,PASS_WITH_NOTES,PASS_WITH_NOTES,PASS_WITH_NOTES,PASS,PASS,PASS_WITH_NOTES,"The claim is supported by the source excerpt, and the quote appears to be a truncated but faithful excerpt. However, the row is a compressed cash flow table, and the category ""costs_or_expenses"" is somewhat imprecise because the excerpt is primarily cash flow information rather than a simple costs/expenses item."
evt_0007,Kraft Heinz Co,KHC,2026/2/11,canonical_balanced,TRUE,E_SRC_020,revenue,supported,S020," Net Sales decreased 3.5 percent versus the year-ago period to $24.9 billion, including an unfavorable 0.1 percentage point impact from foreign curren cy.",," Net Sales decreased 3.5 percent versus the year-ago period to $24.9 billion, including an unfavorable 0.1 percentage point impact from foreign curren cy. Organic Net Sales (1) decreased 3.4 percent versus the prior year period. Price increased 0.7 percentage points versus th...","S020:  Net Sales decreased 3.5 percent versus the year-ago period to $24.9 billion, including an unfavorable 0.1 percentage point impact from foreign curren cy. Organic Net Sales (1) decreased 3.4 percent versus the prior year period. Price increased 0.7 percentage points versus the prior year period, with increases in each segment that were largely driven by higher pricing that was taken in certain categories to mitigate higher input costs, primarily in coffee. Volume/mix declined 4.1 percentage points versus the prior year period, with declines in the North America and International Developed Markets segments, partially offset by volume/mix growth in the Emerging Markets segment. Unfavorable volume/mix was primarily driven by declines in cold cuts, coffee, frozen meals and snacks, certain condiments, bacon, spoonables, and Indonesia.",PASS,PASS,PASS,PASS_WITH_NOTES,PASS,PASS,PASS,PASS_WITH_NOTES,"The canonical claim is directly supported by the source excerpt, with matching sales decline, amount, and FX impact. The source quote is truncated after additional organic sales and pricing details, but the truncation does not change the meaning."
evt_0007,Kraft Heinz Co,KHC,2026/2/11,canonical_balanced,TRUE,E_SRC_022,earnings_or_eps,supported,S022," Diluted EPS was $(4.93), down 318.1 percent versus the prior year period, primarily driven by higher non-cash impairment losses in the current year.",," Diluted EPS was $(4.93), down 318.1 percent versus the prior year period, primarily driven by higher non-cash impairment losses in the current year. Adjusted EPS (1) was $2.60, down 15.0 percent versus the prior year period, primarily driven by lower Adjusted Operating Incom...","S022:  Diluted EPS was $(4.93), down 318.1 percent versus the prior year period, primarily driven by higher non-cash impairment losses in the current year. Adjusted EPS (1) was $2.60, down 15.0 percent versus the prior year period, primarily driven by lower Adjusted Operating Income, higher taxes on adjusted earnings, and higher interest expense, which more than offset fewer shares outstanding and favorable changes in other expense/(income).",PASS,PASS,PASS,PASS_WITH_NOTES,PASS,PASS,PASS,PASS_WITH_NOTES,"The canonical claim is supported by the source excerpt, with matching diluted EPS, percent decline, and impairment explanation. The source quote is truncated after additional adjusted EPS details, but the truncation remains faithful to the excerpt."
evt_0007,Kraft Heinz Co,KHC,2026/2/11,canonical_balanced,TRUE,E_SRC_002,guidance,supported,S002,Announces $600 Million Investment in Commercial Levers to Return to Profitable Growth; Pauses Work Related to Separation,,Announces $600 Million Investment in Commercial Levers to Return to Profitable Growth; Pauses Work Related to Separation,S002: Announces $600 Million Investment in Commercial Levers to Return to Profitable Growth; Pauses Work Related to Separation,PASS,PASS,PASS,PASS,PASS_WITH_NOTES,PASS,PASS,PASS_WITH_NOTES,"The claim and quote are directly supported by the source excerpt. The category ""guidance"" is somewhat broad: the excerpt announces a strategic investment and pause in separation work rather than numerical financial guidance."
evt_0007,Kraft Heinz Co,KHC,2026/2/11,canonical_balanced,TRUE,E_SRC_024,balance_sheet_or_cash,supported,S024," Capital Return: In fiscal year 2025, the Company paid $1.9 billion in cash dividends and repurchased $436 million of common stock.",," Capital Return: In fiscal year 2025, the Company paid $1.9 billion in cash dividends and repurchased $436 million of common stock. Of the $436 million in share repurchases, approximately $400 million were repurchased under the Companys publicly announced share repurchase pr...","S024:  Capital Return: In fiscal year 2025, the Company paid $1.9 billion in cash dividends and repurchased $436 million of common stock. Of the $436 million in share repurchases, approximately $400 million were repurchased under the Companys publicly announced share repurchase program. The Company has remaining authorization to repurchase approximately $1.5 billion of common stock under the publicly announced share repurchase program as of December 27, 2025.",PASS,PASS,PASS,PASS_WITH_NOTES,PASS,PASS,PASS,PASS_WITH_NOTES,"The canonical claim is supported by the source excerpt, with matching dividend and repurchase amounts. The source quote is truncated after additional repurchase authorization details, but the truncation does not alter the meaning."
evt_0013,FEDEX CORP,FDX,2026/3/19,canonical_balanced,TRUE,E_SRC_053,revenue,supported,S053,"Three Months Ended Nine Months Ended February 28, 2026 February 28, 2025 Percent Change February 28, 2026 February 28, 2025 Percent Change Revenue: Federal Express segment $ 21,154 $ 19,181 10 $ 60,703 $ 56,327 8 FEDEX CORP Freight segment 1,991 2,089 (5) 6,387 6,595 (3) Other and eliminations (1) 855 890 (4) 2,623 2,784 (6) Total Revenue 24,000 22,160 8 69,713 65,706 6 Operating Expenses: Salaries and employee benefits 8,819 7,879 12 25,276 23,543 7 Purchased transportation 6,084 5,634 8 17,457 16,409 6 Rentals and landing fees 1,235 1,178 5 3,638 3,507 4 Depreciation and amortization 1,112 1,066 4 3,272 3,207 2 Fuel 856 889 (4) 2,618 2,911 (10) Maintenance and repairs 771 783 (2) 2,503 2,443 2 Separation and other costs 202 5 NM 460 5 NM Business optimization costs 65 179 (64) 162 633 (74) Other 3,508 3,255 8 10,415 9,624 8 Total Operating Expenses 22,652 20,868 9 65,801 62,282 6 Operating income (loss): Federal Express segment 1,572 1,294 21 4,261 3,299 29 FEDEX CORP Freight segment 8 261 (97) 458 1,012 (55) Corporate, other, and eliminations (1) (232) (263) (12) (807) (887) (9) Total Operating Income 1,348 1,292 4 3,912 3,424 14 Other (Expense) Income: Interest, net (138) (116) 19 (392) (302) 30 Other retirement plans, net 59 50 18 178 149 19 Other, net (6) (45) (87) (12) (53) (77) Total Other (Expense) Income (85) (111) (23) (226) (206) 10 Income Before Income Taxes 1,263 1,181 7 3,686 3,218 15 Provision for Income Taxes 207 272 (24) 850 774 10 Net Income $ 1,056 $ 909 16 $ 2,836 $ 2,444 16 Diluted Earnings Per Share $ 4.41 $ 3.76 17 $ 11.91 $ 9.99 19 Weighted Average Common and Common Equivalent Shares 239 242 (1) 238 244 (2) Capital Expenditures $ 955 $ 997 (4) $ 2,335 $ 2,582 (10)",,"Three Months Ended Nine Months Ended February 28, 2026 February 28, 2025 Percent Change February 28, 2026 February 28, 2025 Percent Change Revenue: Federal Express segment $ 21,154 $ 19,181 10 $ 60,703 $ 56,327 8 FEDEX CORP Freight segment 1,991 2,089 (5) 6,387 6,595 (3) Other...","S053: Three Months Ended Nine Months Ended February 28, 2026 February 28, 2025 Percent Change February 28, 2026 February 28, 2025 Percent Change Revenue: Federal Express segment $ 21,154 $ 19,181 10 $ 60,703 $ 56,327 8 FEDEX CORP Freight segment 1,991 2,089 (5) 6,387 6,595 (3) Other and eliminations (1) 855 890 (4) 2,623 2,784 (6) Total Revenue 24,000 22,160 8 69,713 65,706 6 Operating Expenses: Salaries and employee benefits 8,819 7,879 12 25,276 23,543 7 Purchased transportation 6,084 5,634 8 17,457 16,409 6 Rentals and landing fees 1,235 1,178 5 3,638 3,507 4 Depreciation and amortization 1,112 1,066 4 3,272 3,207 2 Fuel 856 889 (4) 2,618 2,911 (10) Maintenance and repairs 771 783 (2) 2,503 2,443 2 Separation and other costs 202 5 NM 460 5 NM Business optimization costs 65 179 (64) 162 633 (74) Other 3,508 3,255 8 10,415 9,624 8 Total Operating Expenses 22,652 20,868 9 65,801 62,282 6 Operating income (loss): Federal Express segment 1,572 1,294 21 4,261 3,299 29 FEDEX CORP Freight segment 8 261 (97) 458 1,012 (55) Corporate, other, and eliminations (1) (232) (263) (12) (807) (887) (9) Total Operating Income 1,348 1,292 4 3,912 3,424 14 Other (Expense) Income: Interest, net (138) (116) 19 (392) (302) 30 Other retirement plans, net 59 50 18 178 149 19 Other, net (6) (45) (87) (12) (53) (77) Total Other (Expense) Income (85) (111) (23) (226) (206) 10 Income Before Income Taxes 1,263 1,181 7 3,686 3,218 15 Provision for Income Taxes 207 272 (24) 850 774 10 Net Income $ 1,056 $ 909 16 $ 2,836 $ 2,444 16 Diluted Earnings Per Share $ 4.41 $ 3.76 17 $ 11.91 $ 9.99 19 Weighted Average Common and Common Equivalent Shares 239 242 (1) 238 244 (2) Capital Expenditures $ 955 $ 997 (4) $ 2,335 $ 2,582 (10)",PASS,PASS,PASS_WITH_NOTES,PASS_WITH_NOTES,PASS_WITH_NOTES,PASS,PASS,PASS_WITH_NOTES,"The claim is supported by the source excerpt and the major reported figures appear consistent. However, the canonical claim compresses a full financial table into one long text string, and the category ""revenue"" is only partially fitting because the excerpt also includes operating expenses, operating income, net income, EPS, shares, and capital expenditures. The source quote is truncated but remains faithful."
evt_0013,FEDEX CORP,FDX,2026/3/19,canonical_balanced,TRUE,E_SRC_005,earnings_or_eps,supported,S005,"Consolidated operating income improved in the third quarter, reflecting strength in U.S.",,"Consolidated operating income improved in the third quarter, reflecting strength in U.S. domestic and International Priority package yields, continued cost savings from transformation initiatives, and increased U.S. domestic package volume. Net income includes a tax benefit of...","S005: Consolidated operating income improved in the third quarter, reflecting strength in U.S. domestic and International Priority package yields, continued cost savings from transformation initiatives, and increased U.S. domestic package volume. Net income includes a tax benefit of $99 million ($0.41 per diluted share) from the recognition of certain foreign tax loss carryforwards.",PASS,PASS,PASS,PASS_WITH_NOTES,PASS_WITH_NOTES,PASS,PASS,PASS_WITH_NOTES,"The canonical claim is directly supported by the source excerpt. The source quote is truncated after the tax-benefit sentence but remains faithful. The category ""earnings_or_eps"" is broadly reasonable because the excerpt mentions operating income, net income, and diluted EPS impact, though the canonical claim itself focuses on operating income rather than EPS."
evt_0013,FEDEX CORP,FDX,2026/3/19,canonical_balanced,TRUE,E_SRC_001,guidance,supported,S001,"On Track to Spin Off FEDEX CORP Freight on June 1, 2026",,"On Track to Spin Off FEDEX CORP Freight on June 1, 2026","S001: On Track to Spin Off FEDEX CORP Freight on June 1, 2026",PASS,PASS,PASS,PASS,PASS_WITH_NOTES,PASS,PASS,PASS_WITH_NOTES,"The claim and quote are directly supported by the source excerpt. The category ""guidance"" is somewhat broad because the text is a corporate-action timing statement about the planned Freight spin-off rather than financial guidance."
evt_0013,FEDEX CORP,FDX,2026/3/19,canonical_balanced,TRUE,E_SRC_007,balance_sheet_or_cash,supported,S007,"drives robust free cash flow, positioning FEDEX CORP to deliver durable, long-term value for stockholders.",,"drives robust free cash flow, positioning FEDEX CORP to deliver durable, long-term value for stockholders.","S007: drives robust free cash flow, positioning FEDEX CORP to deliver durable, long-term value for stockholders.",PASS,NA,PASS,PASS,PASS,PASS,PASS,PASS,
evt_0020,"NIKE, Inc.",NKE,2026/3/31,canonical_balanced,TRUE,E_SRC_003,revenue,supported,S003," Third quarter revenues were $11.3 billion, flat on a reported basis and down 3 percent on a currency-neutral basis*",," Third quarter revenues were $11.3 billion, flat on a reported basis and down 3 percent on a currency-neutral basis*","S003:  Third quarter revenues were $11.3 billion, flat on a reported basis and down 3 percent on a currency-neutral basis*",PASS,PASS,PASS,PASS,PASS,PASS,PASS,PASS,
evt_0020,"NIKE, Inc.",NKE,2026/3/31,canonical_balanced,TRUE,E_SRC_007,earnings_or_eps,supported,S007, Diluted earnings per share was $0.35,, Diluted earnings per share was $0.35,S007:  Diluted earnings per share was $0.35,PASS,PASS,PASS,PASS,PASS,PASS,PASS,PASS,
evt_0020,"NIKE, Inc.",NKE,2026/3/31,canonical_balanced,TRUE,E_SRC_019,balance_sheet_or_cash,supported,S019," The effective tax rate was 20.0 percent compared to 5.9 percent for the same period last year, primarily due to a prior period one-time, non-cash deferred tax benefit provided by U.S.",," The effective tax rate was 20.0 percent compared to 5.9 percent for the same period last year, primarily due to a prior period one-time, non-cash deferred tax benefit provided by U.S. tax regulations related to foreign currency gains and losses.","S019:  The effective tax rate was 20.0 percent compared to 5.9 percent for the same period last year, primarily due to a prior period one-time, non-cash deferred tax benefit provided by U.S. tax regulations related to foreign currency gains and losses.",PASS,PASS,PASS,PASS,PASS_WITH_NOTES,PASS,PASS,PASS_WITH_NOTES,"The claim and quote are directly supported by the source excerpt, with matching effective tax rate figures. However, the category ""balance_sheet_or_cash"" appears imprecise because the excerpt is about effective tax rate and a deferred tax benefit rather than balance sheet or cash."
evt_0020,"NIKE, Inc.",NKE,2026/3/31,canonical_balanced,TRUE,E_SRC_006,margins,supported,S006, Gross margin decreased 130 basis points to 40.2 percent,, Gross margin decreased 130 basis points to 40.2 percent,S006:  Gross margin decreased 130 basis points to 40.2 percent,PASS,PASS,PASS,PASS,PASS,PASS,PASS,PASS,
evt_0026,DANAHER CORP /DE/,DHR,2026/1/28,canonical_balanced,TRUE,E_SRC_004,revenue,supported,S004, Revenues increased 4.5% year-over-year to $6.8 billion and non-GAAP core revenue increased 2.5% year-over-year.,, Revenues increased 4.5% year-over-year to $6.8 billion and non-GAAP core revenue increased 2.5% year-over-year.,S004:  Revenues increased 4.5% year-over-year to $6.8 billion and non-GAAP core revenue increased 2.5% year-over-year.,PASS,PASS,PASS,PASS,PASS,PASS,PASS,PASS,
evt_0026,DANAHER CORP /DE/,DHR,2026/1/28,canonical_balanced,TRUE,E_SRC_050,earnings_or_eps,supported,S050,"2 Corporate expense represents the operating profit (GAAP) for the Other segment, which consists of unallocated corporate costs and other costs not considered part of managements evaluation of reportable segment operating performance.",,"2 Corporate expense represents the operating profit (GAAP) for the Other segment, which consists of unallocated corporate costs and other costs not considered part of managements evaluation of reportable segment operating performance.","S050: 2 Corporate expense represents the operating profit (GAAP) for the Other segment, which consists of unallocated corporate costs and other costs not considered part of managements evaluation of reportable segment operating performance.",PASS,NA,PASS,PASS,PASS_WITH_NOTES,PASS,PASS,PASS_WITH_NOTES,"The claim and quote are directly supported by the source excerpt. However, the category ""earnings_or_eps"" is somewhat broad because the excerpt is a footnote defining corporate expense / Other segment operating profit rather than a direct earnings or EPS result."
evt_0026,DANAHER CORP /DE/,DHR,2026/1/28,canonical_balanced,TRUE,E_SRC_015,guidance,supported,S015,Rainer M.,,"Rainer M. Blair, President and Chief Executive Officer, stated, ""We delivered a strong finish to the year with better-than-expected performance across our portfolio. We were particularly encouraged by continued strength in our bioprocessing business, along with improved moment...","S015: Rainer M. Blair, President and Chief Executive Officer, stated, ""We delivered a strong finish to the year with better-than-expected performance across our portfolio. We were particularly encouraged by continued strength in our bioprocessing business, along with improved momentum in Diagnostics and Life Sciences. Our teams disciplined execution also enabled us to exceed our fourth quarter margin, earnings, and cash flow expectations.",PASS,NA,PASS_WITH_NOTES,PASS_WITH_NOTES,PASS_WITH_NOTES,PASS,PASS,PASS_WITH_NOTES,"The canonical claim is technically supported by the source excerpt, but it is only a fragment of the CEO's name (""Rainer M."") and does not preserve the substantive statement in the excerpt. The source quote is a faithful but truncated excerpt. The category ""guidance"" is somewhat broad because the excerpt is a management performance statement rather than explicit forward guidance."
evt_0026,DANAHER CORP /DE/,DHR,2026/1/28,canonical_balanced,TRUE,E_SRC_005,balance_sheet_or_cash,supported,S005, Operating cash flow was $2.1 billion and non-GAAP free cash flow was $1.8 billion.,, Operating cash flow was $2.1 billion and non-GAAP free cash flow was $1.8 billion.,S005:  Operating cash flow was $2.1 billion and non-GAAP free cash flow was $1.8 billion.,PASS,PASS,PASS,PASS,PASS,PASS,PASS,PASS,
evt_0032,OMNICOM GROUP INC.,OMC,2026/2/18,canonical_balanced,TRUE,E_SRC_009,revenue,supported,S009,"$ in millions, except per share amounts Three Months Ended December 31, 2025 2024 Revenue $ 5,528.8 $ 4,322.2 Operating Income (Loss) (977.2) 685.3 Operating Income Margin (17.7) % 15.9 % Net Income (Loss) 1 (941.1) 448.0 Net Income (Loss) per Share - Diluted 1 $ (4.02) $ 2.26 Non-GAAP Measures: 1 EBITA $ (924.5) $ 707.6 EBITA Margin (16.7) % 16.4 % Adjusted EBITA 928.9 722.2 Adjusted EBITA Margin 16.8 % 16.7 % Non-GAAP Adjusted Net Income per Share - Diluted $ 2.59 $ 2.41",,"$ in millions, except per share amounts Three Months Ended December 31, 2025 2024 Revenue $ 5,528.8 $ 4,322.2 Operating Income (Loss) (977.2) 685.3 Operating Income Margin (17.7) % 15.9 % Net Income (Loss) 1 (941.1) 448.0 Net Income (Loss) per Share - Diluted 1 $ (4.02) $ 2.26...","S009: $ in millions, except per share amounts Three Months Ended December 31, 2025 2024 Revenue $ 5,528.8 $ 4,322.2 Operating Income (Loss) (977.2) 685.3 Operating Income Margin (17.7) % 15.9 % Net Income (Loss) 1 (941.1) 448.0 Net Income (Loss) per Share - Diluted 1 $ (4.02) $ 2.26 Non-GAAP Measures: 1 EBITA $ (924.5) $ 707.6 EBITA Margin (16.7) % 16.4 % Adjusted EBITA 928.9 722.2 Adjusted EBITA Margin 16.8 % 16.7 % Non-GAAP Adjusted Net Income per Share - Diluted $ 2.59 $ 2.41",PASS,PASS,PASS_WITH_NOTES,PASS_WITH_NOTES,PASS_WITH_NOTES,PASS,PASS,PASS_WITH_NOTES,"The claim is supported by the source excerpt and the reported figures appear consistent. However, the canonical claim compresses a full financial table into one long text string. The category ""revenue"" is only partially fitting because the excerpt also includes operating income/loss, margin, net income/loss, diluted EPS, EBITA, adjusted EBITA, and adjusted EPS. The source quote is truncated but remains faithful."
evt_0032,OMNICOM GROUP INC.,OMC,2026/2/18,canonical_balanced,TRUE,E_SRC_001,earnings_or_eps,supported,S001, Net loss of $0.9 billion; net income of $607.7 million Non-GAAP adjusted,, Net loss of $0.9 billion; net income of $607.7 million Non-GAAP adjusted,S001:  Net loss of $0.9 billion; net income of $607.7 million Non-GAAP adjusted,PASS,PASS,PASS,PASS,PASS,PASS,PASS,PASS,
evt_0032,OMNICOM GROUP INC.,OMC,2026/2/18,canonical_balanced,TRUE,E_SRC_008,guidance,supported,S008,"""Since the successful closing of the Interpublic acquisition on November 26, we made key leadership and brand announcements, refreshed our enterprise growth strategy, and launched the next generation of our Omni data and technology platform,"" said Chairman and Chief Executive Officer of OMNICOM GROUP INC..",,"""Since the successful closing of the Interpublic acquisition on November 26, we made key leadership and brand announcements, refreshed our enterprise growth strategy, and launched the next generation of our Omni data and technology platform,"" said Chairman and Chief Executive...","S008: ""Since the successful closing of the Interpublic acquisition on November 26, we made key leadership and brand announcements, refreshed our enterprise growth strategy, and launched the next generation of our Omni data and technology platform,"" said Chairman and Chief Executive Officer of OMNICOM GROUP INC.. ""We have also executed on three key priorities. First, we are simplifying and aligning our portfolio of businesses to prioritize Connected Capability delivery, growth, and profitability. Second, we are doubling our total cost synergy target to $1.5 billion, including $900 million in 2026. And third, our Board has authorized a $5.0 billion share buyback, including a $2.5 billion Accelerated Share Repurchase. We expect these catalysts to positively transform our business performance this year and beyond.",PASS,PASS,PASS,PASS_WITH_NOTES,PASS_WITH_NOTES,PASS,PASS,PASS_WITH_NOTES,"The claim is supported by the source excerpt, and the quote is a faithful but truncated excerpt. The category ""guidance"" is broadly related to future strategy because the excerpt discusses priorities, synergy targets, and expected performance catalysts, but it is not conventional numerical financial guidance."
evt_0032,OMNICOM GROUP INC.,OMC,2026/2/18,canonical_balanced,TRUE,E_SRC_058,balance_sheet_or_cash,supported,S058," our liquidity, long-term financing needs, credit ratings and access to capital markets;",," our liquidity, long-term financing needs, credit ratings and access to capital markets;","S058:  our liquidity, long-term financing needs, credit ratings and access to capital markets;",PASS,PASS,PASS,PASS,PASS,PASS,PASS,PASS,
evt_0038,COLGATE PALMOLIVE CO,CL,2026/1/30,canonical_balanced,TRUE,E_SRC_001,revenue,supported,S001," Net sales and Organic sales* increased 1.4%, including a 0.7% negative impact from lower private label pet volume",," Net sales and Organic sales* increased 1.4%, including a 0.7% negative impact from lower private label pet volume","S001:  Net sales and Organic sales* increased 1.4%, including a 0.7% negative impact from lower private label pet volume",PASS,PASS,PASS,PASS,PASS,PASS,PASS,PASS,
evt_0038,COLGATE PALMOLIVE CO,CL,2026/1/30,canonical_balanced,TRUE,E_SRC_002,earnings_or_eps,supported,S002," GAAP EPS declined 25% to $2.63, driven by goodwill and intangible assets impairment charges related to the skin health business",," GAAP EPS declined 25% to $2.63, driven by goodwill and intangible assets impairment charges related to the skin health business","S002:  GAAP EPS declined 25% to $2.63, driven by goodwill and intangible assets impairment charges related to the skin health business",PASS,PASS,PASS,PASS,PASS,PASS,PASS,PASS,
evt_0038,COLGATE PALMOLIVE CO,CL,2026/1/30,canonical_balanced,TRUE,E_SRC_018,guidance,supported,S018,"""As we begin 2026, while we expect the difficult operating environment and slower category growth to continue in the short term, we are operating from a position of strength and are confident that the changes we are making will enable us to deliver consistent, compounded earnings per share growth and drive shareholder value in the long term.",,"""As we begin 2026, while we expect the difficult operating environment and slower category growth to continue in the short term, we are operating from a position of strength and are confident that the changes we are making will enable us to deliver consistent, compounded earni...","S018: ""As we begin 2026, while we expect the difficult operating environment and slower category growth to continue in the short term, we are operating from a position of strength and are confident that the changes we are making will enable us to deliver consistent, compounded earnings per share growth and drive shareholder value in the long term.",PASS,PASS,PASS,PASS_WITH_NOTES,PASS,PASS,PASS,PASS_WITH_NOTES,"The canonical claim is directly supported by the source excerpt and fits the guidance category because it discusses expected operating conditions and long-term EPS growth. The source quote is truncated after ""earni..."" but remains faithful and does not change the meaning."
evt_0038,COLGATE PALMOLIVE CO,CL,2026/1/30,canonical_balanced,TRUE,E_SRC_004,balance_sheet_or_cash,supported,S004," Net cash provided by operations was a record $4,198 for the full year",," Net cash provided by operations was a record $4,198 for the full year","S004:  Net cash provided by operations was a record $4,198 for the full year",PASS,PASS,PASS,PASS,PASS,PASS,PASS,PASS,
evt_0044,ANALOG DEVICES INC,ADI,2026/2/18,canonical_balanced,TRUE,E_SRC_001,revenue,supported,S001," Revenue of $3.16 billion, with year-over-year growth across all end markets, led by Industrial and Communications",," Revenue of $3.16 billion, with year-over-year growth across all end markets, led by Industrial and Communications","S001:  Revenue of $3.16 billion, with year-over-year growth across all end markets, led by Industrial and Communications",PASS,PASS,PASS,PASS,PASS,PASS,PASS,PASS,
evt_0044,ANALOG DEVICES INC,ADI,2026/2/18,canonical_balanced,TRUE,E_SRC_034,earnings_or_eps,supported,S034,Three Months Ended Jan.,,"Three Months Ended Jan. 31, 2026 Feb. 1, 2025 Cash flows from operating activities: Net income $ 830,826 $ 391,316 Adjustments to reconcile net income to net cash provided by operations: Depreciation 105,886 98,447 Amortization of intangibles 384,615 417,156 Stock-based compen...","S034: Three Months Ended Jan. 31, 2026 Feb. 1, 2025 Cash flows from operating activities: Net income $ 830,826 $ 391,316 Adjustments to reconcile net income to net cash provided by operations: Depreciation 105,886 98,447 Amortization of intangibles 384,615 417,156 Stock-based compensation expense 85,675 77,574 Deferred income taxes (60,661) (59,454) Other 13,425 (799) Changes in operating assets and liabilities 8,749 202,569 Total adjustments 537,689 735,493 Net cash provided by operating activities 1,368,515 1,126,809 Cash flows from investing activities: Maturities of short-term available-for-sale investments 9,992  Additions to property, plant and equipment, net (109,313) (148,978) Payments for acquisitions, net of cash acquired  (45,652) Other (7,708) 329 Net cash used for investing activities (107,029) (194,301) Cash flows from financing activities: Proceeds from commercial paper notes 3,046,825 1,969,276 Payments of commercial paper notes (2,950,422) (1,968,611) Repurchase of common stock (516,499) (160,368) Dividend payments to shareholders (484,260) (456,338) Proceeds from employee stock plans 49,621 41,747 Other (297) 438 Net cash used for financing activities (855,032) (573,856) Net increase in cash and cash equivalents 406,454 358,652 Cash and cash equivalents at beginning of period 2,499,406 1,991,342 Cash and cash equivalents at end of period $ 2,905,860 $ 2,349,994",PASS,PASS,PASS_WITH_NOTES,PASS_WITH_NOTES,FAIL,PASS,PASS,PASS_WITH_NOTES,"The source ID and excerpt align, and the quote is a faithful but truncated excerpt of the cash flow table. However, the canonical claim is only the fragment ""Three Months Ended Jan."" and does not preserve the substantive evidence from the table. The category ""earnings_or_eps"" appears incorrect because the excerpt is primarily a cash flow statement, not an earnings or EPS item."
evt_0044,ANALOG DEVICES INC,ADI,2026/2/18,canonical_balanced,TRUE,E_SRC_007,guidance,supported,S007,"During our first quarter, bookings growth continued, driven by broad strength in Industrial and record orders for our Data Center segment.",,"During our first quarter, bookings growth continued, driven by broad strength in Industrial and record orders for our Data Center segment. While the macro and geopolitical backdrop remains challenging, our revenue outlook for the second quarter reflects a new high watermark f...","S007: During our first quarter, bookings growth continued, driven by broad strength in Industrial and record orders for our Data Center segment. While the macro and geopolitical backdrop remains challenging, our revenue outlook for the second quarter reflects a new high watermark for ANALOG DEVICES INC, underscoring our strong execution against cyclical and secular growth tailwinds, said CFO.",PASS,NA,PASS,PASS_WITH_NOTES,PASS,PASS,PASS,PASS_WITH_NOTES,"The canonical claim is directly supported by the source excerpt and fits the guidance category because the excerpt discusses the second-quarter revenue outlook. The source quote is truncated after the outlook sentence begins, but the truncation remains faithful."
evt_0044,ANALOG DEVICES INC,ADI,2026/2/18,canonical_balanced,TRUE,E_XBRL_008,balance_sheet_or_cash,supported,X008,CashAndCashEquivalentsAtCarryingValue reported for 2026Q1: 2905860000,2905860000,CashAndCashEquivalentsAtCarryingValue reported for 2026Q1: 2905860000,X008: CashAndCashEquivalentsAtCarryingValue reported for 2026Q1: 2905860000 USD,PASS,PASS,PASS,PASS_WITH_NOTES,PASS,PASS,PASS,PASS_WITH_NOTES,"The structured XBRL fact aligns with the source packet in tag, period, and numeric value. The source excerpt includes the USD unit while the canonical claim omits it, but the value and meaning are unchanged."
evt_0051,LEVI STRAUSS & CO,LEVI,2026/4/7,canonical_balanced,TRUE,E_SRC_006,revenue,supported,S006, Net Revenues of $1.7 billion increased 14% on a reported basis and 9% on an organic basis versus Q1 2025.,, Net Revenues of $1.7 billion increased 14% on a reported basis and 9% on an organic basis versus Q1 2025.,S006:  Net Revenues of $1.7 billion increased 14% on a reported basis and 9% on an organic basis versus Q1 2025.,PASS,PASS,PASS,PASS,PASS,PASS,PASS,PASS,
evt_0051,LEVI STRAUSS & CO,LEVI,2026/4/7,canonical_balanced,TRUE,E_SRC_019,earnings_or_eps,supported,S019, Net income from continuing operations was $177 million compared to $140 million in Q1 2025.,, Net income from continuing operations was $177 million compared to $140 million in Q1 2025. Adjusted net income was $167 million compared to $150 million in Q1 2025.,S019:  Net income from continuing operations was $177 million compared to $140 million in Q1 2025. Adjusted net income was $167 million compared to $150 million in Q1 2025.,PASS,PASS,PASS,PASS_WITH_NOTES,PASS,PASS,PASS,PASS_WITH_NOTES,"The canonical claim is directly supported by the source excerpt, with matching net income figures and comparison period. The source quote includes additional adjusted net income information beyond the canonical claim, but remains faithful to the excerpt."
evt_0051,LEVI STRAUSS & CO,LEVI,2026/4/7,canonical_balanced,TRUE,E_SRC_002,guidance,supported,S002,CHIEF FINANCIAL AND GROWTH OFFICER HARMIT SINGH WILL RETIRE AFTER A PLANNED TRANSITION,,CHIEF FINANCIAL AND GROWTH OFFICER HARMIT SINGH WILL RETIRE AFTER A PLANNED TRANSITION,S002: CHIEF FINANCIAL AND GROWTH OFFICER HARMIT SINGH WILL RETIRE AFTER A PLANNED TRANSITION,PASS,NA,PASS,PASS,FAIL,PASS,PASS,PASS_WITH_NOTES,"The claim and quote are directly supported by the source excerpt. However, the category ""guidance"" appears incorrect because the excerpt is an executive retirement / leadership transition announcement, not financial guidance or forward operating guidance."
evt_0051,LEVI STRAUSS & CO,LEVI,2026/4/7,canonical_balanced,TRUE,E_SRC_026,balance_sheet_or_cash,supported,S026,"Balance Sheet Review as of March 1, 2026",,"Balance Sheet Review as of March 1, 2026","S026: Balance Sheet Review as of March 1, 2026",PASS,PASS,PASS,PASS,PASS,PASS,PASS,PASS,
evt_0057,J&J SNACK FOODS CORP,JJSF,2026/2/3,canonical_balanced,TRUE,E_SRC_004,revenue,supported,S004,"""Our first quarter results reflect disciplined execution of our key priorities to drive profitability, said Dan Fachner, J&J SNACK FOODS CORP Chairman, President, and CEO.",,"""Our first quarter results reflect disciplined execution of our key priorities to drive profitability, said Dan Fachner, J&J SNACK FOODS CORP Chairman, President, and CEO. We are pleased to deliver 7% year-over-year growth in adjusted EBITDA and a 200 basis point expansion i...","S004: ""Our first quarter results reflect disciplined execution of our key priorities to drive profitability, said Dan Fachner, J&J SNACK FOODS CORP Chairman, President, and CEO. We are pleased to deliver 7% year-over-year growth in adjusted EBITDA and a 200 basis point expansion in gross margin despite a 5.2% decline in sales and a $1 million expense for product disposal. Our results were enabled by our Project Apollo initiatives including strategic portfolio rationalization of lower margin products within our bakery business.",PASS,NA,PASS,PASS_WITH_NOTES,PASS_WITH_NOTES,PASS,PASS,PASS_WITH_NOTES,"The claim is directly supported by the source excerpt, and the quote is a faithful but truncated excerpt. However, the category ""revenue"" is imprecise because the canonical claim is management commentary about execution and profitability rather than a revenue result, although the fuller excerpt later mentions a sales decline."
evt_0057,J&J SNACK FOODS CORP,JJSF,2026/2/3,canonical_balanced,TRUE,E_SRC_009,earnings_or_eps,supported,S009,"Gross profit increased from $93.9 million in the prior year quarter to $96.0 million, while gross margin improved from 25.9% to 27.9%.",,"Gross profit increased from $93.9 million in the prior year quarter to $96.0 million, while gross margin improved from 25.9% to 27.9%. The improvement in gross margin primarily reflects the early benefits of our Apollo transformation initiatives and favorable product mix, part...","S009: Gross profit increased from $93.9 million in the prior year quarter to $96.0 million, while gross margin improved from 25.9% to 27.9%. The improvement in gross margin primarily reflects the early benefits of our Apollo transformation initiatives and favorable product mix, partially offset by $1.0 million in product disposal costs and approximately $0.6 million in tariff-related costs net of pricing offsets.",PASS,PASS,PASS,PASS_WITH_NOTES,PASS_WITH_NOTES,PASS,PASS,PASS_WITH_NOTES,"The claim is directly supported by the source excerpt, with matching gross profit and gross margin figures. The source quote is truncated but faithful. The category ""earnings_or_eps"" is somewhat broad because the excerpt focuses on gross profit and gross margin rather than net earnings or EPS."
evt_0057,J&J SNACK FOODS CORP,JJSF,2026/2/3,canonical_balanced,TRUE,E_SRC_028,balance_sheet_or_cash,supported,S028,Our Board of Directors has approved a new $50 million share repurchase authorization that is effective for approximately two years.,,"Our Board of Directors has approved a new $50 million share repurchase authorization that is effective for approximately two years. The new authorization reflects our confidence in the companys long-term value, as well as our strong balance sheet and liquidity position. Our a...","S028: Our Board of Directors has approved a new $50 million share repurchase authorization that is effective for approximately two years. The new authorization reflects our confidence in the companys long-term value, as well as our strong balance sheet and liquidity position. Our approach to share repurchases will be opportunistic, and the extent of our repurchases and the timing will depend on market conditions, regulatory requirements and other factors. We may repurchase shares in the open market, through private transactions, or otherwise, including through Rule 10b5-1 trading plans. The authorization is consistent with our capital deployment discipline and focus on driving shareholder returns.",PASS,PASS,PASS,PASS_WITH_NOTES,PASS,PASS,PASS,PASS_WITH_NOTES,"The claim is directly supported by the source excerpt, with matching $50 million authorization and approximate two-year effective period. The source quote is truncated after additional balance sheet and liquidity discussion but remains faithful."
evt_0057,J&J SNACK FOODS CORP,JJSF,2026/2/3,canonical_balanced,TRUE,E_SRC_014,margins,supported,S014,"Operating income was $0.6 million, compared to $6.2 million in the prior year quarter, while adjusted operating income was $8.0 million, compared to $8.2 million in the prior year quarter.",,"Operating income was $0.6 million, compared to $6.2 million in the prior year quarter, while adjusted operating income was $8.0 million, compared to $8.2 million in the prior year quarter. Earnings per diluted share were $0.05, compared to $0.26 in the prior year quarter, whil...","S014: Operating income was $0.6 million, compared to $6.2 million in the prior year quarter, while adjusted operating income was $8.0 million, compared to $8.2 million in the prior year quarter. Earnings per diluted share were $0.05, compared to $0.26 in the prior year quarter, while adjusted earnings per diluted share were $0.33, flat with the prior year quarter. The effective tax rate was 27.0%, compared to 27.2% in the prior year quarter.",PASS,PASS,PASS,PASS_WITH_NOTES,PASS_WITH_NOTES,PASS,PASS,PASS_WITH_NOTES,"The claim is directly supported by the source excerpt, with matching operating income and adjusted operating income figures. The source quote is truncated but faithful. The category ""margins"" is imprecise because the canonical claim reports operating income amounts rather than margin percentages."
evt_0063,GATX CORP,GATX,2026/2/19,canonical_balanced,TRUE,E_SRC_020,revenue,supported,S020,"Rail North America reported segment profit of $95.7 million in the fourth quarter of 2025, compared to $84.5 million in the fourth quarter of 2024.",,"Rail North America reported segment profit of $95.7 million in the fourth quarter of 2025, compared to $84.5 million in the fourth quarter of 2024. For the full year, Rail North America reported segment profit of $351.8 million in 2025, compared to $356.0 million in 2024. High...","S020: Rail North America reported segment profit of $95.7 million in the fourth quarter of 2025, compared to $84.5 million in the fourth quarter of 2024. For the full year, Rail North America reported segment profit of $351.8 million in 2025, compared to $356.0 million in 2024. Higher segment profit in the fourth quarter of 2025 was driven by higher gains on asset dispositions and higher lease revenue, partially offset by higher maintenance expense. For the full-year 2025, higher lease revenue was offset by higher maintenance and interest expenses, resulting in lower segment profit compared to the prior year.",PASS,PASS,PASS,PASS_WITH_NOTES,FAIL,PASS,PASS,PASS_WITH_NOTES,"The claim is directly supported by the source excerpt, with matching segment profit figures for Q4 2025 and Q4 2024. The source quote is truncated but faithful. However, the category ""revenue"" appears incorrect because the canonical claim reports Rail North America segment profit, not revenue, even though the fuller excerpt later mentions lease revenue as an explanatory factor."
evt_0063,GATX CORP,GATX,2026/2/19,canonical_balanced,TRUE,E_SRC_002,earnings_or_eps,supported,S002, Fourth-quarter 2025 net income was $97.0 million or $2.66 per diluted share; full-year 2025 net income was $333.3 million or $9.12 per diluted share,, Fourth-quarter 2025 net income was $97.0 million or $2.66 per diluted share; full-year 2025 net income was $333.3 million or $9.12 per diluted share,S002:  Fourth-quarter 2025 net income was $97.0 million or $2.66 per diluted share; full-year 2025 net income was $333.3 million or $9.12 per diluted share,PASS,PASS,PASS,PASS,PASS,PASS,PASS,PASS,
evt_0063,GATX CORP,GATX,2026/2/19,canonical_balanced,TRUE,E_SRC_007,guidance,supported,S007,"CHICAGO , 2026-02-19T03:31:05-05:00GATX CORP Corporation (NYSE:GATX) (""GATX CORP"" or the ""Company"") today reported 2025 fourth-quarter net income of $97.0 million or $2.66 per diluted share, compared to net income of $76.5 million or $2.10 per diluted share in the fourth quarter of 2024.",,"CHICAGO , 2026-02-19T03:31:05-05:00GATX CORP Corporation (NYSE:GATX) (""GATX CORP"" or the ""Company"") today reported 2025 fourth-quarter net income of $97.0 million or $2.66 per diluted share, compared to net income of $76.5 million or $2.10 per diluted share in the fourth quar...","S007: CHICAGO , 2026-02-19T03:31:05-05:00GATX CORP Corporation (NYSE:GATX) (""GATX CORP"" or the ""Company"") today reported 2025 fourth-quarter net income of $97.0 million or $2.66 per diluted share, compared to net income of $76.5 million or $2.10 per diluted share in the fourth quarter of 2024. The 2025 and 2024 fourth-quarter results include net positive impacts of $0.22 per diluted share and $0.17 per diluted share, respectively, from tax adjustments and other items.",PASS,PASS,PASS,PASS_WITH_NOTES,PASS_WITH_NOTES,PASS,PASS,PASS_WITH_NOTES,"The claim is supported by the source excerpt, with matching reporting date, company, net income, EPS, and prior-year comparison figures. The source quote is truncated but faithful. However, the category ""guidance"" appears incorrect because the excerpt is a press-release reporting statement about Q4 2025 results, not forward guidance."
evt_0063,GATX CORP,GATX,2026/2/19,canonical_balanced,TRUE,E_SRC_066,balance_sheet_or_cash,supported,S066,"12/31/2025 9/30/2025 6/30/2025 3/31/2025 12/31/2024 Total Assets, Excluding Cash, by Segment Rail North America $ 7,969.0 $ 7,865.3 $ 7,886.8 $ 7,888.3 $ 7,741.1 Rail International 2,825.1 2,522.9 2,514.9 2,304.3 2,169.0 Engine Leasing 1,786.9 1,805.9 1,626.5 1,619.8 1,603.9 Other 433.6 415.3 416.8 396.3 380.7 Total assets, excluding cash $ 13,014.6 $ 12,609.4 $ 12,445.0 $ 12,208.7 $ 11,894.7 Debt and Lease Obligations, Net of Unrestricted Cash Unrestricted cash $ (743.0) $ (696.1) $ (754.6) $ (757.2) $ (401.6) Borrowings under bank credit facilities 82.2 117.3 106.1 101.5 10.4 Recourse debt 12,451.7 8,751.3 8,741.3 8,653.1 8,215.3 Operating lease obligations 154.3 160.7 168.4 174.4 180.0 Total debt and lease obligations, net of unrestricted cash $ 11,945.2 $ 8,333.2 $ 8,261.2 $ 8,171.8 $ 8,004.1 Total recourse debt (1) $ 11,945.2 $ 8,333.2 $ 8,261.2 $ 8,171.8 $ 8,004.1 Total equity $ 3,635.1 $ 2,718.9 $ 2,669.7 $ 2,549.4 $ 2,438.9 Recourse leverage (2) 3.3 3.1 3.1 3.2 3.3",,"12/31/2025 9/30/2025 6/30/2025 3/31/2025 12/31/2024 Total Assets, Excluding Cash, by Segment Rail North America $ 7,969.0 $ 7,865.3 $ 7,886.8 $ 7,888.3 $ 7,741.1 Rail International 2,825.1 2,522.9 2,514.9 2,304.3 2,169.0 Engine Leasing 1,786.9 1,805.9 1,626.5 1,619.8 1,603.9 O...","S066: 12/31/2025 9/30/2025 6/30/2025 3/31/2025 12/31/2024 Total Assets, Excluding Cash, by Segment Rail North America $ 7,969.0 $ 7,865.3 $ 7,886.8 $ 7,888.3 $ 7,741.1 Rail International 2,825.1 2,522.9 2,514.9 2,304.3 2,169.0 Engine Leasing 1,786.9 1,805.9 1,626.5 1,619.8 1,603.9 Other 433.6 415.3 416.8 396.3 380.7 Total assets, excluding cash $ 13,014.6 $ 12,609.4 $ 12,445.0 $ 12,208.7 $ 11,894.7 Debt and Lease Obligations, Net of Unrestricted Cash Unrestricted cash $ (743.0) $ (696.1) $ (754.6) $ (757.2) $ (401.6) Borrowings under bank credit facilities 82.2 117.3 106.1 101.5 10.4 Recourse debt 12,451.7 8,751.3 8,741.3 8,653.1 8,215.3 Operating lease obligations 154.3 160.7 168.4 174.4 180.0 Total debt and lease obligations, net of unrestricted cash $ 11,945.2 $ 8,333.2 $ 8,261.2 $ 8,171.8 $ 8,004.1 Total recourse debt (1) $ 11,945.2 $ 8,333.2 $ 8,261.2 $ 8,171.8 $ 8,004.1 Total equity $ 3,635.1 $ 2,718.9 $ 2,669.7 $ 2,549.4 $ 2,438.9 Recourse leverage (2) 3.3 3.1 3.1 3.2 3.3",PASS,PASS,PASS_WITH_NOTES,PASS_WITH_NOTES,PASS,PASS,PASS,PASS_WITH_NOTES,"The claim is supported by the source excerpt and the table values appear consistent. The source quote is truncated but faithful. The canonical claim compresses a full balance sheet / leverage table into one long text string, so it is less readable but does not appear to change the meaning."
evt_0069,AMERICAN EAGLE OUTFITTERS INC,AEO,2026/3/4,canonical_balanced,TRUE,E_SRC_002,revenue,supported,S002,"Total revenue increased 10% to a record $1.8 billion, driven by total comparable sales increase of 8% with positive results across brands",,"Total revenue increased 10% to a record $1.8 billion, driven by total comparable sales increase of 8% with positive results across brands","S002: Total revenue increased 10% to a record $1.8 billion, driven by total comparable sales increase of 8% with positive results across brands",PASS,PASS,PASS,PASS,PASS,PASS,PASS,PASS,
evt_0069,AMERICAN EAGLE OUTFITTERS INC,AEO,2026/3/4,canonical_balanced,TRUE,E_SRC_010,earnings_or_eps,supported,S010,Gross profit of $651 million rose 9% from $599 million last year.,,Gross profit of $651 million rose 9% from $599 million last year. The gross margin of 37.0% declined 30 basis points to last year.,S010: Gross profit of $651 million rose 9% from $599 million last year. The gross margin of 37.0% declined 30 basis points to last year.,PASS,PASS,PASS,PASS_WITH_NOTES,PASS_WITH_NOTES,PASS,PASS,PASS_WITH_NOTES,"The claim is directly supported by the source excerpt, with matching gross profit and year-over-year increase figures. The source quote includes additional gross margin information beyond the canonical claim but remains faithful. The category ""earnings_or_eps"" is somewhat broad because the excerpt focuses on gross profit and gross margin rather than net earnings or EPS."
evt_0069,AMERICAN EAGLE OUTFITTERS INC,AEO,2026/3/4,canonical_balanced,TRUE,E_SRC_001,guidance,supported,S001,AMERICAN EAGLE OUTFITTERS INC Inc.,,AMERICAN EAGLE OUTFITTERS INC Inc. Reports Strong Fourth Quarter Fiscal 2025 Results; Provides Fiscal 2026 Outlook,S001: AMERICAN EAGLE OUTFITTERS INC Inc. Reports Strong Fourth Quarter Fiscal 2025 Results; Provides Fiscal 2026 Outlook,PASS,NA,PASS_WITH_NOTES,PASS,PASS_WITH_NOTES,PASS,PASS,PASS_WITH_NOTES,"The canonical claim is supported by the source excerpt, but it is only a company-name fragment and omits the substantive title about reporting Q4 fiscal 2025 results and providing fiscal 2026 outlook. The category ""guidance"" is partially fitting because the source title includes fiscal 2026 outlook, although the canonical claim itself does not preserve that guidance content."
evt_0069,AMERICAN EAGLE OUTFITTERS INC,AEO,2026/3/4,canonical_balanced,TRUE,E_SRC_028,balance_sheet_or_cash,supported,S028,"In the fourth quarter the company repurchased one million shares for $25 million, bringing full year repurchases to 21 million shares for $256 million.",,"In the fourth quarter the company repurchased one million shares for $25 million, bringing full year repurchases to 21 million shares for $256 million. The company also returned $21 million to shareholders via its quarterly cash dividend of $0.125 per share, bringing year-to-d...","S028: In the fourth quarter the company repurchased one million shares for $25 million, bringing full year repurchases to 21 million shares for $256 million. The company also returned $21 million to shareholders via its quarterly cash dividend of $0.125 per share, bringing year-to-date cash dividends to $85 million.",PASS,PASS,PASS,PASS_WITH_NOTES,PASS,PASS,PASS,PASS_WITH_NOTES,"The canonical claim is supported by the source excerpt, but it is only a company-name fragment and omits the substantive title about reporting Q4 fiscal 2025 results and providing fiscal 2026 outlook. The category ""guidance"" is partially fitting because the source title includes fiscal 2026 outlook, although the canonical claim itself does not preserve that guidance content."
evt_0075,MERIT MEDICAL SYSTEMS INC,MMSI,2026/2/24,canonical_balanced,TRUE,E_SRC_003,revenue,supported,S003,"Reported revenue of $393.9 million, up 11%",,"Reported revenue of $393.9 million, up 11%","S003: Reported revenue of $393.9 million, up 11%",PASS,PASS,PASS,PASS,PASS,PASS,PASS,PASS,
evt_0075,MERIT MEDICAL SYSTEMS INC,MMSI,2026/2/24,canonical_balanced,TRUE,E_SRC_025,earnings_or_eps,supported,S025,"GAAP net income was $38.0 million, or $0.63 per share, compared to $27.9 million, or $0.46 per share, for the fourth quarter of 2024.",,"GAAP net income was $38.0 million, or $0.63 per share, compared to $27.9 million, or $0.46 per share, for the fourth quarter of 2024. Non-GAAP net income* was $62.5 million, or $1.04 per share, compared to $56.3 million, or $0.93 per share, for the fourth quarter of 2024.","S025: GAAP net income was $38.0 million, or $0.63 per share, compared to $27.9 million, or $0.46 per share, for the fourth quarter of 2024. Non-GAAP net income* was $62.5 million, or $1.04 per share, compared to $56.3 million, or $0.93 per share, for the fourth quarter of 2024.",PASS,PASS,PASS,PASS_WITH_NOTES,PASS,PASS,PASS,PASS_WITH_NOTES,"The canonical claim is directly supported by the source excerpt, with matching GAAP net income and EPS figures. The source quote includes additional Non-GAAP net income and EPS information beyond the canonical claim, but remains faithful to the excerpt."
evt_0075,MERIT MEDICAL SYSTEMS INC,MMSI,2026/2/24,canonical_balanced,TRUE,E_SRC_002,guidance,supported,S002,MERIT MEDICAL SYSTEMS INC MEDICAL REPORTS FOURTH QUARTER AND FULL YEAR 2025 RESULTS AND ISSUES FISCAL YEAR 2026 GUIDANCE,,MERIT MEDICAL SYSTEMS INC MEDICAL REPORTS FOURTH QUARTER AND FULL YEAR 2025 RESULTS AND ISSUES FISCAL YEAR 2026 GUIDANCE,S002: MERIT MEDICAL SYSTEMS INC MEDICAL REPORTS FOURTH QUARTER AND FULL YEAR 2025 RESULTS AND ISSUES FISCAL YEAR 2026 GUIDANCE,PASS,PASS,PASS,PASS,PASS,PASS,PASS,PASS,
evt_0075,MERIT MEDICAL SYSTEMS INC,MMSI,2026/2/24,canonical_balanced,TRUE,E_SRC_007,balance_sheet_or_cash,supported,S007,"Free cash flow* generation of $74.0 million, up 13%",,"Free cash flow* generation of $74.0 million, up 13%","S007: Free cash flow* generation of $74.0 million, up 13%",PASS,PASS,PASS,PASS,PASS,PASS,PASS,PASS,
evt_0082,APPFOLIO INC,APPF,2026/1/29,canonical_balanced,TRUE,E_SRC_004,revenue,supported,S004, Revenue grew 22% year-over-year to $248 million.,, Revenue grew 22% year-over-year to $248 million.,S004:  Revenue grew 22% year-over-year to $248 million.,PASS,PASS,PASS,PASS,PASS,PASS,PASS,PASS,
evt_0082,APPFOLIO INC,APPF,2026/1/29,canonical_balanced,TRUE,E_SRC_027,earnings_or_eps,supported,S027,"We use the following non-GAAP financial measures in addition to, and not as a substitute for, or superior to, financial measures calculated in accordance with GAAP.",,"We use the following non-GAAP financial measures in addition to, and not as a substitute for, or superior to, financial measures calculated in accordance with GAAP.","S027: We use the following non-GAAP financial measures in addition to, and not as a substitute for, or superior to, financial measures calculated in accordance with GAAP.",PASS,NA,PASS,PASS,PASS_WITH_NOTES,PASS,PASS,PASS_WITH_NOTES,"The claim and quote are directly supported by the source excerpt. However, the category ""earnings_or_eps"" is somewhat broad because the excerpt is a general non-GAAP measures disclaimer rather than a specific earnings or EPS result."
evt_0082,APPFOLIO INC,APPF,2026/1/29,canonical_balanced,TRUE,E_SRC_013,guidance,supported,S013," Full year revenue is expected to be in the range of $1,100 million to $1,120 million.",," Full year revenue is expected to be in the range of $1,100 million to $1,120 million.","S013:  Full year revenue is expected to be in the range of $1,100 million to $1,120 million.",PASS,PASS,PASS,PASS,PASS,PASS,PASS,PASS,
evt_0082,APPFOLIO INC,APPF,2026/1/29,canonical_balanced,TRUE,E_SRC_020,costs_or_expenses,supported,S020,"December 31, 2025 December 31, 2024 Assets Current assets Cash and cash equivalents $ 106,967 $ 42,504 Investment securitiescurrent 144,256 235,745 Accounts receivable, net 36,873 24,346 Prepaid expenses and other current assets 65,218 32,807 Total current assets 353,314 335,402 Property and equipment, net 23,228 24,483 Operating lease right-of-use assets 15,924 17,472 Capitalized software development costs, net 11,324 15,429 Goodwill 96,410 96,410 Intangible assets, net 38,826 49,057 Deferred income taxes 58,823 76,910 Long-term investments 77,033 2,033 Other long-term assets 14,085 9,482 Total assets $ 688,967 $ 626,678 Liabilities and Stockholders Equity Current liabilities Accounts payable $ 4,123 $ 2,378 Accrued employee expenses 59,774 30,157 Accrued expenses 20,829 14,658 Other current liabilities 22,121 16,087 Total current liabilities 106,847 63,280 Operating lease liabilities 33,287 37,476 Other liabilities 6,254 6,632 Total liabilities 146,388 107,388 Stockholders equity 542,579 519,290 Total liabilities and stockholders equity $ 688,967 $ 626,678",,"December 31, 2025 December 31, 2024 Assets Current assets Cash and cash equivalents $ 106,967 $ 42,504 Investment securitiescurrent 144,256 235,745 Accounts receivable, net 36,873 24,346 Prepaid expenses and other current assets 65,218 32,807 Total current assets 353,314 335,...","S020: December 31, 2025 December 31, 2024 Assets Current assets Cash and cash equivalents $ 106,967 $ 42,504 Investment securitiescurrent 144,256 235,745 Accounts receivable, net 36,873 24,346 Prepaid expenses and other current assets 65,218 32,807 Total current assets 353,314 335,402 Property and equipment, net 23,228 24,483 Operating lease right-of-use assets 15,924 17,472 Capitalized software development costs, net 11,324 15,429 Goodwill 96,410 96,410 Intangible assets, net 38,826 49,057 Deferred income taxes 58,823 76,910 Long-term investments 77,033 2,033 Other long-term assets 14,085 9,482 Total assets $ 688,967 $ 626,678 Liabilities and Stockholders Equity Current liabilities Accounts payable $ 4,123 $ 2,378 Accrued employee expenses 59,774 30,157 Accrued expenses 20,829 14,658 Other current liabilities 22,121 16,087 Total current liabilities 106,847 63,280 Operating lease liabilities 33,287 37,476 Other liabilities 6,254 6,632 Total liabilities 146,388 107,388 Stockholders equity 542,579 519,290 Total liabilities and stockholders equity $ 688,967 $ 626,678",PASS,PASS,PASS_WITH_NOTES,PASS_WITH_NOTES,FAIL,PASS,PASS,PASS_WITH_NOTES,"The claim is supported by the source excerpt and the table values appear consistent. The source quote is truncated but faithful. However, the canonical claim compresses a full balance sheet table into one long text string, and the category ""costs_or_expenses"" appears incorrect because the excerpt primarily reports assets, liabilities, and stockholders' equity rather than costs or expenses."
evt_0088,"Inspire Medical Systems, Inc.",INSP,2026/1/12,canonical_balanced,TRUE,E_SRC_004,revenue,supported,S004,"Preliminary, Unaudited Fourth Quarter and Full Year 2025 Revenue",,"Preliminary, Unaudited Fourth Quarter and Full Year 2025 Revenue","S004: Preliminary, Unaudited Fourth Quarter and Full Year 2025 Revenue",PASS,PASS,PASS,PASS,PASS,PASS,PASS,PASS,
evt_0088,"Inspire Medical Systems, Inc.",INSP,2026/1/12,canonical_balanced,TRUE,E_SRC_001,guidance,supported,S001,"Inspire Medical Systems, Inc..",,"Inspire Medical Systems, Inc.. Announces Preliminary Unaudited Revenue Results for the Fourth Quarter and Full Year 2025 and Provides Initial 2026 Revenue Guidance","S001: Inspire Medical Systems, Inc.. Announces Preliminary Unaudited Revenue Results for the Fourth Quarter and Full Year 2025 and Provides Initial 2026 Revenue Guidance",PASS,PASS,PASS_WITH_NOTES,PASS,PASS,PASS,PASS,PASS_WITH_NOTES,"The canonical claim is supported by the source excerpt, but it is only a company-name fragment and omits the substantive title about preliminary unaudited revenue results and initial 2026 revenue guidance. The category ""guidance"" fits the full source title because it explicitly mentions initial 2026 revenue guidance."
evt_0088,"Inspire Medical Systems, Inc.",INSP,2026/1/12,canonical_balanced,TRUE,E_SRC_002,other,supported,S002,"Inspire Medical Systems, Inc.",,"Inspire Medical Systems, Inc. Announces Appointment of Matt Osberg as Executive Vice President and Chief Financial Officer Joining the Company in the First Quarter of 2026","S002: Inspire Medical Systems, Inc. Announces Appointment of Matt Osberg as Executive Vice President and Chief Financial Officer Joining the Company in the First Quarter of 2026",PASS,PASS,PASS_WITH_NOTES,PASS,PASS,PASS,PASS,PASS_WITH_NOTES,"The canonical claim is supported by the source excerpt, but it is only a company-name fragment and omits the substantive title about the CFO appointment. The category ""other"" is reasonable for an executive appointment announcement."
evt_0088,"Inspire Medical Systems, Inc.",INSP,2026/1/12,canonical_balanced,TRUE,E_CTX_001,pre_event_price_context,supported,CTX1,"Pre-event price context: ret_5d=0.0229, ret_20d=-0.294387, market_ret_20d=0.011672",,"Pre-event price context: ret_5d=0.0229, ret_20d=-0.294387, market_ret_20d=0.011672","CTX1: Pre-event price context: ret_5d=0.0229, ret_20d=-0.294387, market_ret_20d=0.011672",PASS,PASS,PASS,PASS,PASS,PASS,PASS,PASS,
evt_0094,"CALIX, INC",CALX,2026/1/28,canonical_balanced,TRUE,E_SRC_001,other,supported,S001,"CALIX, INC.",,"CALIX, INC. (NYSE:CALX)  CALIX, INC delivers the industrys leading agentic AI cloud and appliance-based platform, purpose-built over two decades with open standards and advanced security so service providers of all sizes can transform into experience providers. The platform...","S001: CALIX, INC. (NYSE:CALX)  CALIX, INC delivers the industrys leading agentic AI cloud and appliance-based platform, purpose-built over two decades with open standards and advanced security so service providers of all sizes can transform into experience providers. The platform combines agentic AI, intelligent appliances, and fully integrated managed services with CALIX, INC Customer Success and a partner community to simplify operations, engagement, and service, innovate for their consumer, business, and municipal subscribers, and grow their value for members, investors, and the communities they serve.",PASS,NA,PASS_WITH_NOTES,PASS_WITH_NOTES,PASS,PASS,PASS,PASS_WITH_NOTES,"The canonical claim is supported by the source excerpt, but it is only a company-name fragment and omits the substantive company-description content in the source. The source quote is truncated but remains faithful. The category ""other"" is reasonable because the excerpt is a general company/business description rather than a financial metric."
evt_0094,"CALIX, INC",CALX,2026/1/28,canonical_balanced,TRUE,E_CTX_001,pre_event_price_context,supported,CTX1,"Pre-event price context: ret_5d=-0.062489, ret_20d=-0.008797, market_ret_20d=0.011005",,"Pre-event price context: ret_5d=-0.062489, ret_20d=-0.008797, market_ret_20d=0.011005","CTX1: Pre-event price context: ret_5d=-0.062489, ret_20d=-0.008797, market_ret_20d=0.011005",PASS,PASS,PASS,PASS,PASS,PASS,PASS,PASS,
